{"cameraMode":{"drawMode":0,"name":"Shaded","section":"Shading Mode"},"sceneLighting":true,"audioPlay":false,"sceneViewState":{"m_AlwaysRefresh":false,"showFog":true,"showSkybox":true,"showFlares":true,"showImageEffects":true,"showParticleSystems":true,"showVisualEffectGraphs":true,"m_FxEnabled":true},"in2DMode":false,"pivot":{"x":2.4890189170837404,"y":-1.2349395751953126,"z":3.9781923294067385},"rotation":{"x":-0.3652263581752777,"y":-0.04799725115299225,"z":0.018858518451452256,"w":-0.9294925928115845},"size":12.12435531616211,"orthographic":false}